Year/ Neighborhood,Bayview,Mission,Pacific Heights
2006,0.77192758,0.874537221,1
2007,0.874164321,0.902677372,0.991467277
2008,0.888282899,0.986674536,0.952297175
2009,0.874989004,0.957064487,0.996877199
2010,0.878655148,0.953300165,1.033954961
2011,0.935256861,0.985277653,1.012315271
2012,0.943602657,0.933578737,0.99476601
2013,0.926812104,0.981026363,1.001759324
2014,0.915398487,0.977336703,0.964153765
